IATA_Code,ICAO_Code,Airline_Name,Source
0A,GNT,,LEGACY
0B,JOR,,LEGACY
0D,DWT,,LEGACY
0P,PYB,,LEGACY
0X,CX0,,LEGACY
1A,AGT,,LEGACY
1E,RGG,,LEGACY
1I,NVR,,LEGACY
1T,RNX,,LEGACY
2A,AWA,"Air Astra",IATA
2B,ARD,,LEGACY
2D,AOG,,LEGACY
2F,FTA,,LEGACY
2J,VBW,,LEGACY
2K,GLG,"Avianca Ecuador",IATA
2L,OAW,,LEGACY
2M,MDV,,LEGACY
2N,NTJ,,LEGACY
2P,GAP,"PAL Express",IATA
2Q,SNC,,LEGACY
2S,STW,"Southwind Airlines",IATA
2T,HAM,,LEGACY
2U,GIP,,LEGACY
2W,WFL,"World2Fly",IATA
3E,EAF,"Electra Airways",IATA
3G,AYZ,,LEGACY
3K,JSA,,LEGACY
3L,HFM,"Hi Fly (Malta)",IATA
3N,URG,,LEGACY
3P,TNM,,LEGACY
3Q,CYH,,LEGACY
3R,GAI,,LEGACY
3T,URN,,LEGACY
3U,CSC,"Sichuan Airlines",IATA
3V,TAY,"ASL Airlines Belgium",IATA
4A,AKL,,LEGACY
4B,BTQ,,LEGACY
4C,ARE,"LATAM Airlines Colombia",IATA
4D,ASD,,LEGACY
4F,ECE,,LEGACY
4G,GZP,,LEGACY
4H,UBD,,LEGACY
4K,AAS,,LEGACY
4L,MJX,,LEGACY
4M,MGH,"Mavi Gök Airlines (MGA)",IATA
4N,ANT,,LEGACY
4O,MNE,"Air Montenegro",IATA
4R,HHI,,LEGACY
4S,RSX,"Red Sea Airlines",IATA
4T,BHP,,LEGACY
4U,GWI,,LEGACY
4X,MLH,"Avion Express Malta",IATA
4Y,OCN,"Discover Airlines",IATA
4Z,LNK,"Airlink",IATA
5A,AIP,,LEGACY
5B,BSX,,LEGACY
5C,ICL,"Challenge Airlines (IL)",IATA
5D,SLI,,LEGACY
5F,FIA,"FLYONE",IATA
5G,SSV,,LEGACY
5H,ABR,"ASL Airlines Ireland",IATA
5J,CEB,"Cebu Pacific",IATA
5K,HFY,"Hi Fly",IATA
5L,RSU,,LEGACY
5M,SIB,,LEGACY
5N,AUL,"Smartavia",IATA
5O,FPO,"ASL Airlines France",IATA
5T,MPE,,LEGACY
5U,TGU,"TAG Airlines",IATA
5W,AEU,,LEGACY
5X,UPS,"UPS Airlines",IATA
5Y,GTI,"Atlas Air",IATA
5Z,KEM,"CemAir",IATA
6A,CHP,,LEGACY
6B,BLX,,LEGACY
6E,IGO,"IndiGo",IATA
6F,MKD,,LEGACY
6G,AWW,,LEGACY
6H,ISR,"Israir",IATA
6J,SNJ,,LEGACY
6K,RIT,,LEGACY
6O,OBS,"Iberojet",IATA
6R,DRU,,LEGACY
6V,AXY,,LEGACY
6W,SOV,,LEGACY
7B,KJC,,LEGACY
7C,JJA,"Jeju Air",IATA
7E,AWU,,LEGACY
7F,FAB,,LEGACY
7G,SFJ,,LEGACY
7H,RVF,"New Pacific Airlines",IATA
7K,KGL,,LEGACY
7L,AZG,"Silk Way West Airlines",IATA
7P,BTV,,LEGACY
7R,RLU,"RusLine",IATA
7T,AGV,,LEGACY
8A,BMM,,LEGACY
8B,BCC,,LEGACY
8C,HZT,,LEGACY
8E,BRG,,LEGACY
8F,STP,,LEGACY
8H,HFR,,LEGACY
8J,JFU,,LEGACY
8L,LKE,"Lucky Air",IATA
8M,MMA,"Myanmar Airways International",IATA
8N,NKF,,LEGACY
8P,PCO,,LEGACY
8Q,OHY,,LEGACY
8R,AIA,"Amelia",IATA
8U,AAW,,LEGACY
8V,ACP,,LEGACY
8Z,WVL,,LEGACY
9E,FLG,,LEGACY
9H,CGN,"Air Changan",IATA
9I,INE,,LEGACY
9K,KAP,,LEGACY
9L,CJC,,LEGACY
9Q,PBA,,LEGACY
9R,NSE,,LEGACY
9S,CQH,,LEGACY
9T,ABS,,LEGACY
9U,MLD,,LEGACY
9W,JAI,,LEGACY
9Y,KZK,,LEGACY
A3,AEE,"Aegean Airlines",IATA
A4,SWD,,LEGACY
A5,RLA,,LEGACY
A7,MPD,,LEGACY
A9,TGZ,"Georgian Airways",IATA
AA,AAL,"American Airlines",IATA
AB,BER,,LEGACY
AC,ACA,"Air Canada",IATA
AD,AZU,"Azul Brazilian Airlines",IATA
AE,MDA,"Mandarin Airlines",IATA
AF,AFR,"Air France",IATA
AG,ABR,,LEGACY
AH,DAH,"Air Algérie",IATA
AI,AIC,"Air India",IATA
AJ,NIG,,LEGACY
AK,AXM,,LEGACY
AL,SYX,,LEGACY
AM,AMX,"Aeromexico",IATA
AN,AAA,,LEGACY
AO,AUZ,,LEGACY
AP,LAV,"Albastar",IATA
AQ,AAH,,LEGACY
AR,ARG,"Aerolineas Argentinas",IATA
AS,ASA,"Alaska Airlines",IATA
AT,RAM,"Royal Air Maroc",IATA
AU,AUT,,LEGACY
AV,AVA,"Avianca",IATA
AW,AFW,"Africa World Airlines",IATA
AX,LOF,,LEGACY
AY,FIN,"Finnair",IATA
AZ,ITY,"ITA Airways",IATA
B0,DJT,"La Compagnie",IATA
B2,BRU,"Belavia Belarusian Airlines",IATA
B3,BLV,,LEGACY
B4,GSM,,LEGACY
B5,BBT,"BBN Airlines",IATA
B6,JBU,"JetBlue",IATA
B7,UIA,"UNI AIR",IATA
B8,ERT,,LEGACY
B9,IRB,"Iran Airtour Airline",IATA
BA,BAW,"British Airways",IATA
BB,SBS,,LEGACY
BC,SKY,,LEGACY
BD,BMA,,LEGACY
BE,BEE,,LEGACY
BF,FBU,"French Bee",IATA
BG,BBC,"Biman Bangladesh Airlines",IATA
BI,RBA,"Royal Brunei",IATA
BJ,LBT,"Nouvelair",IATA
BK,OKA,"Okay Airways",IATA
BL,PIC,,LEGACY
BN,HZA,,LEGACY
BP,BOT,"Air Botswana",IATA
BQ,BQB,,LEGACY
BR,EVA,"EVA Air",IATA
BS,UBG,"US-Bangla Airlines",IATA
BT,BTI,"Air Baltic",IATA
BU,BUU,,LEGACY
BV,BPA,,LEGACY
BW,BWA,"Caribbean Airlines",IATA
BX,ABL,,LEGACY
BY,TOM,,LEGACY
BZ,BBG,"Blue Bird Airways",IATA
C0,CLW,,LEGACY
C2,CAP,,LEGACY
C3,QAX,,LEGACY
C4,LIX,,LEGACY
C5,UCA,,LEGACY
C7,CR7,,LEGACY
C9,RUS,,LEGACY
CA,CCA,"Air China",IATA
CC,ABD,"Air Atlanta Icelandic",IATA
CE,CLG,"Chalair",IATA
CF,CYZ,"China Postal Airlines",IATA
CG,TOK,,LEGACY
CH,BMJ,,LEGACY
CI,CAL,"China Airlines",IATA
CJ,CFE,,LEGACY
CK,CKK,"China Cargo Airlines",IATA
CL,CLH,"Lufthansa CityLine",IATA
CM,CMP,"COPA Airlines",IATA
CN,YCP,,LEGACY
CO,COA,,LEGACY
CP,CPZ,,LEGACY
CQ,KOL,,LEGACY
CS,CSW,"Chair Airlines",IATA
CU,CUB,"Cubana",IATA
CV,CLX,"Cargolux",IATA
CW,CWM,,LEGACY
CX,CPA,"Cathay Pacific",IATA
CY,CYP,"Cyprus Airways",IATA
CZ,CSN,"China Southern Airlines",IATA
D0,DHK,"DHL Air",IATA
D1,MDO,,LEGACY
D3,DAO,,LEGACY
D4,GEL,"Airline GEO SKY",IATA
D6,ILN,,LEGACY
D7,XAX,,LEGACY
D8,DJB,,LEGACY
D9,DNV,,LEGACY
DA,DAC,,LEGACY
DB,BZH,,LEGACY
DC,GAO,,LEGACY
DD,NOK,"Nok Air",IATA
DE,CFG,"Condor",IATA
DF,MJG,,LEGACY
DG,SRQ,,LEGACY
DH,DSY,,LEGACY
DI,BAG,,LEGACY
DK,ELA,,LEGACY
DL,DAL,"Delta Air Lines",IATA
DM,DWI,"Arajet",IATA
DN,DNA,"DAN AIR",IATA
DO,DOA,,LEGACY
DP,FCA,,LEGACY
DR,RLH,"Ruili Airlines",IATA
DT,DTA,"TAAG Angola Airlines",IATA
DU,NLH,,LEGACY
DV,VSV,"SCAT Airlines",IATA
DX,DTR,,LEGACY
DY,NAX,,LEGACY
E3,DMO,,LEGACY
E4,RSO,,LEGACY
E5,RBG,,LEGACY
E7,ESF,"Estafeta Cargo",IATA
E8,ELG,,LEGACY
E9,EVE,"Iberojet Airlines",IATA
EA,EAL,,LEGACY
EB,PLM,"Wamos Air",IATA
EC,TWN,,LEGACY
ED,ABQ,,LEGACY
EE,EAY,,LEGACY
EF,EFA,,LEGACY
EG,JAA,,LEGACY
EH,AKX,,LEGACY
EI,EIN,"Aer Lingus",IATA
EJ,NEA,,LEGACY
EK,UAE,"Emirates",IATA
EL,ANK,,LEGACY
EM,AEB,,LEGACY
EN,DLA,"Air Dolomiti",IATA
EO,KAR,"Ikar",IATA
EP,IRC,"Iran Aseman Airlines",IATA
EQ,TAE,,LEGACY
ER,DHL,,LEGACY
ES,DHX,"DHL Air (Bahrain)",IATA
ET,ETH,"Ethiopian Airlines",IATA
EU,UEA,"Chengdu Airlines",IATA
EV,ASQ,,LEGACY
EW,EWG,"Eurowings",IATA
EX,EU9,,LEGACY
EY,ETD,"Etihad Airways",IATA
EZ,EIA,,LEGACY
F3,FAD,"flyadeal",IATA
F6,VAW,"Fly2Sky",IATA
F7,BBO,,LEGACY
F9,FFT,"Frontier Airlines",IATA
FA,SFR,"Safair",IATA
FB,LZB,"Bulgaria Air",IATA
FC,WBA,,LEGACY
FD,AIQ,,LEGACY
FF,FRF,,LEGACY
FG,AFG,,LEGACY
FH,FHY,"Freebird Airlines",IATA
FI,ICE,"Icelandair",IATA
FJ,FJI,"Fiji Airways",IATA
FK,WTA,,LEGACY
FL,TRS,,LEGACY
FM,CSH,"Shanghai Airlines",IATA
FN,FJW,"Fastjet Zimbabwe",IATA
FO,ATM,,LEGACY
FP,FRE,,LEGACY
FQ,TCW,,LEGACY
FR,RYR,,LEGACY
FS,STU,,LEGACY
FT,SRH,,LEGACY
FU,FZA,"Fuzhou Airlines",IATA
FV,SDM,"Rossiya Airlines",IATA
FW,IBX,,LEGACY
FX,FDX,"FedEx Express",IATA
FY,FFM,,LEGACY
FZ,FDB,"flydubai",IATA
G0,GHB,,LEGACY
G2,VXG,,LEGACY
G3,GLO,"GOL Linhas Aereas",IATA
G4,AAY,,LEGACY
G5,HXA,"China Express Airlines",IATA
G6,GXA,"GlobalX",IATA
G7,GJS,,LEGACY
G8,AGB,,LEGACY
G9,ABY,"Air Arabia",IATA
GA,GIA,"Garuda Indonesia",IATA
GB,ABX,"ABX Air",IATA
GD,AHA,,LEGACY
GE,GBB,"Global Airways and Lift",IATA
GF,GFA,"Gulf Air",IATA
GG,HAH,,LEGACY
GH,GLP,,LEGACY
GI,IKA,,LEGACY
GJ,CDC,"Loong Air",IATA
GL,GRL,"Air Greenland",IATA
GM,GER,,LEGACY
GN,AGN,,LEGACY
GO,KZU,"ULS Airlines Cargo",IATA
GP,RIV,"APG Airlines",IATA
GQ,SEH,"Sky express",IATA
GR,AUR,,LEGACY
GS,GCR,"Tianjin Airlines",IATA
GT,CGH,"Air Guilin",IATA
GV,ARF,,LEGACY
GW,GJT,"GetJet Airlines",IATA
GX,CBG,"GX Airlines",IATA
GY,GBK,,LEGACY
GZ,RAR,,LEGACY
H2,SKU,"SKY Airline",IATA
H3,HLJ,"Hello Jets",IATA
H5,RSY,,LEGACY
H6,HAG,,LEGACY
H8,KHB,,LEGACY
H9,HIM,"Himalaya Airlines",IATA
HA,HAL,"Hawaiian Airlines",IATA
HB,HGB,"Greater Bay Airlines",IATA
HC,SZN,"Air Senegal",IATA
HD,ADO,,LEGACY
HE,LGW,,LEGACY
HF,HLF,,LEGACY
HG,NLY,,LEGACY
HH,AHO,,LEGACY
HJ,AXF,,LEGACY
HM,SEY,"Air Seychelles",IATA
HN,HST,"Heston Airlines",IATA
HO,DKH,"Juneyao Airlines",IATA
HP,APF,"PopulAir",IATA
HR,HHN,"Hahnair",IATA
HT,AHW,,LEGACY
HU,CHH,"Hainan Airlines",IATA
HV,TRA,,LEGACY
HW,FHE,,LEGACY
HX,CRK,"Hong Kong Airlines",IATA
HY,UZB,"Uzbekistan Airways",IATA
HZ,SOZ,,LEGACY
I2,IBS,,LEGACY
I5,IDS,,LEGACY
I6,MXI,,LEGACY
I7,PMW,,LEGACY
I9,AEY,,LEGACY
IA,IAW,,LEGACY
IB,IBE,"IBERIA",IATA
IC,IAC,,LEGACY
ID,BTK,"Batik Air",IATA
IE,SOL,"Solomon Airlines",IATA
IF,FBA,"Fly Baghdad",IATA
IG,ISS,,LEGACY
II,UWW,,LEGACY
IJ,SJO,,LEGACY
IK,ITX,,LEGACY
IN,MAK,,LEGACY
IO,IAA,,LEGACY
IP,JOL,,LEGACY
IQ,QAZ,"Qazaq Air",IATA
IR,IRA,"Iran Air",IATA
IT,TTW,,LEGACY
IV,JET,,LEGACY
IW,AOM,,LEGACY
IX,AXB,"Air India Express",IATA
IY,IYE,,LEGACY
IZ,AIZ,"Arkia Israeli Airlines",IATA
J2,AHY,"Azerbaijan Airlines",IATA
J3,PLR,,LEGACY
J4,BDR,"Badr Airlines",IATA
J6,JEC,"JetSMART Colombia",IATA
J7,ABS,"FlyGabon",IATA
J8,BVT,,LEGACY
J9,JZR,"Jazeera Airways",IATA
JA,JAT,"JetSMART Chile",IATA
JB,JBA,,LEGACY
JC,JEX,,LEGACY
JD,CBJ,"Capital Airlines",IATA
JE,MNO,,LEGACY
JF,JAF,,LEGACY
JG,JDL,"JD Airlines",IATA
JI,MDW,,LEGACY
JJ,TAM,"LATAM Airlines Brasil",IATA
JK,JKK,,LEGACY
JL,JAL,"Japan Airlines",IATA
JM,AJM,,LEGACY
JN,XLA,,LEGACY
JO,JAZ,,LEGACY
JP,JTD,"Jettime",IATA
JQ,JST,,LEGACY
JR,JOY,,LEGACY
JS,KOR,"Air Koryo",IATA
JT,LNI,"Lion Air",IATA
JU,ASL,"Air Serbia",IATA
JV,BLS,,LEGACY
JW,APW,,LEGACY
JX,SJX,"STARLUX Airlines",IATA
JY,AXZ,,LEGACY
JZ,JAP,"JetSMART Peru",IATA
K1,KOQ,,LEGACY
K2,ELO,,LEGACY
K5,ABE,,LEGACY
K6,KHV,"Air Cambodia",IATA
K7,KBR,,LEGACY
K8,ZAK,,LEGACY
KA,HDA,,LEGACY
KB,DRK,,LEGACY
KC,KZR,"Air Astana",IATA
KD,KNI,,LEGACY
KE,KAL,"Korean Air",IATA
KF,BLF,,LEGACY
KG,RAW,,LEGACY
KH,KHK,,LEGACY
KI,DHI,,LEGACY
KJ,AIH,"AIRZETA",IATA
KK,KKK,,LEGACY
KL,KLM,"KLM",IATA
KM,KMM,"KM Malta Airlines",IATA
KN,CUA,"China United Airlines",IATA
KO,AER,,LEGACY
KP,SKK,"ASKY",IATA
KQ,KQA,"Kenya Airways",IATA
KR,CWK,,LEGACY
KS,PEN,,LEGACY
KT,VKJ,,LEGACY
KU,KAC,"Kuwait Airways",IATA
KV,MVD,,LEGACY
KX,CAY,,LEGACY
KY,KNA,"Kunming Airlines",IATA
KZ,NCA,"Nippon Cargo Airlines",IATA
L3,LTO,,LEGACY
L5,LTR,,LEGACY
L6,MAI,"Mauritania Airlines International",IATA
L8,LBL,,LEGACY
LA,LAN,"LATAM Airlines Group",IATA
LC,VLO,,LEGACY
LD,AHK,"Air Hong Kong",IATA
LE,LTY,,LEGACY
LF,NDC,,LEGACY
LG,LGL,"Luxair",IATA
LH,DLH,"Lufthansa",IATA
LI,LIA,,LEGACY
LJ,JNA,"Jin Air",IATA
LK,LXR,,LEGACY
LL,GRO,,LEGACY
LM,LOG,"Loganair",IATA
LN,LAA,,LEGACY
LO,LOT,"LOT Polish Airlines",IATA
LP,LPE,"LATAM Airlines Peru",IATA
LQ,LMM,,LEGACY
LR,LRC,"Avianca Costa Rica",IATA
LS,EXS,,LEGACY
LT,LTU,,LEGACY
LU,LXP,,LEGACY
LV,LBC,,LEGACY
LW,NMI,,LEGACY
LX,SWR,"SWISS",IATA
LY,ELY,"EL AL",IATA
M0,MNG,"Aero Mongolia",IATA
M1,M1F,,LEGACY
M3,LTG,"LATAM Cargo Brasil",IATA
M4,MSA,"Poste Air Cargo",IATA
M5,KEN,,LEGACY
M6,AJT,,LEGACY
M7,MAA,"MasAir",IATA
M8,TNU,,LEGACY
M9,MSI,,LEGACY
MA,MAH,,LEGACY
MB,MNB,"MNG Airlines",IATA
MD,MGY,"Madagascar Airlines",IATA
ME,MEA,"MEA",IATA
MF,CXA,"Xiamen Airlines",IATA
MH,MAS,"Malaysia Airlines",IATA
MI,SLK,,LEGACY
MJ,LPR,,LEGACY
MK,MAU,"Air Mauritius",IATA
ML,MAV,,LEGACY
MN,CAW,,LEGACY
MO,AUH,,LEGACY
MP,MPH,"Martinair Cargo",IATA
MQ,EGF,,LEGACY
MR,OME,,LEGACY
MS,MSR,"Egyptair",IATA
MT,TCX,,LEGACY
MU,CES,"China Eastern",IATA
MW,MYD,,LEGACY
MX,MXA,,LEGACY
MY,MWA,,LEGACY
MZ,MNA,,LEGACY
N4,NWS,"Nordwind Airlines",IATA
N5,SGY,,LEGACY
N7,FCM,"Norra",IATA
N8,NCR,"National Airlines",IATA
NB,SNB,,LEGACY
NC,NJS,,LEGACY
NE,NMA,"Nesma Airlines",IATA
NF,AVN,"Air Vanuatu",IATA
NG,LDA,,LEGACY
NH,ANA,"ANA",IATA
NI,PGA,"PGA-Portugalia Airlines",IATA
NJ,NGB,,LEGACY
NK,NKS,,LEGACY
NL,SAI,,LEGACY
NM,DRD,,LEGACY
NN,MOV,,LEGACY
NO,NOS,"Neos",IATA
NP,NIA,"Nile Air",IATA
NQ,AJX,,LEGACY
NR,JTO,,LEGACY
NS,HBH,"Hebei Airlines",IATA
NT,IBB,"Binter Canarias",IATA
NU,JTA,"Japan Transocean Air",IATA
NV,CRF,,LEGACY
NW,NWA,,LEGACY
NX,AMU,"Air Macau",IATA
NY,FXI,,LEGACY
NZ,ANZ,"Air New Zealand",IATA
O1,OAB,,LEGACY
O3,CSS,"SF Airlines",IATA
O6,ONE,,LEGACY
O7,OZJ,,LEGACY
O8,OHK,,LEGACY
OA,OAL,"Olympic Air",IATA
OB,BOV,"BoA Boliviana de Aviacion",IATA
OD,MXD,"Batik Air Malaysia",IATA
OE,AOT,,LEGACY
OF,OLA,"Overland Airways",IATA
OH,COM,,LEGACY
OI,ORC,,LEGACY
OJ,OLA,,LEGACY
OK,CSA,,LEGACY
OL,OLT,,LEGACY
OM,MGL,"MIAT Mongolian Airlines",IATA
ON,RON,"Nauru Airlines",IATA
OO,SKW,,LEGACY
OP,PPL,,LEGACY
OQ,CQN,,LEGACY
OR,TFL,,LEGACY
OS,AUA,"Austrian",IATA
OT,PEL,,LEGACY
OU,CTN,"Croatia Airlines",IATA
OV,OMS,"Salam Air",IATA
OX,OEA,,LEGACY
OY,OAE,,LEGACY
OZ,AAR,"Asiana Airlines",IATA
P0,PFZ,"Proflight Zambia",IATA
P4,APK,"Air Peace",IATA
P5,RPB,"Aero Republica",IATA
P6,PVG,"Privilege Style",IATA
P7,REP,,LEGACY
P8,MKG,,LEGACY
PA,IPV,,LEGACY
PC,PGT,"Pegasus Airlines",IATA
PD,POE,"Porter Airlines",IATA
PE,AEL,,LEGACY
PG,BKP,"Bangkok Airways",IATA
PH,PAO,,LEGACY
PI,PDT,,LEGACY
PJ,SPM,,LEGACY
PK,PIA,"Pakistan International Airlines",IATA
PL,ASE,,LEGACY
PM,TOS,,LEGACY
PN,CHB,"West Air",IATA
PO,PAC,"Polar Air Cargo",IATA
PP,AI0,,LEGACY
PQ,SQP,"SkyUp Airlines",IATA
PR,PAL,"Philippine Airlines",IATA
PS,AUI,,LEGACY
PU,PUE,"Plus Ultra",IATA
PV,PNR,,LEGACY
PW,PRF,"Precision Air",IATA
PX,ANG,"Air Niugini",IATA
PY,SLM,,LEGACY
PZ,LAP,"LATAM Airlines Paraguay",IATA
Q3,QER,,LEGACY
Q4,SAE,,LEGACY
Q5,MLA,,LEGACY
Q6,CDP,,LEGACY
Q8,PEC,,LEGACY
Q9,AFU,,LEGACY
QB,GFG,,LEGACY
QC,CRC,"Camair-Co",IATA
QD,DOB,,LEGACY
QF,QFA,"Qantas",IATA
QG,CTV,"Citilink",IATA
QH,BAV,"Bamboo Airways",IATA
QI,IAN,"Ibom Air",IATA
QK,JZA,,LEGACY
QL,RLN,,LEGACY
QM,AML,,LEGACY
QN,ARR,,LEGACY
QO,OGN,,LEGACY
QP,AKJ,"Akasa Air",IATA
QQ,UTY,,LEGACY
QR,QTR,"Qatar Airways",IATA
QS,TVS,"Smartwings",IATA
QT,TPA,,LEGACY
QU,UGX,,LEGACY
QV,LAO,"Lao Airlines",IATA
QW,QDA,"Qingdao Airlines",IATA
QX,QXE,,LEGACY
QY,BCS,"European Air Transport",IATA
QZ,AWQ,,LEGACY
R2,ORB,,LEGACY
R3,SYL,,LEGACY
R5,JAV,"Jordan Aviation",IATA
R6,DNU,"DAT (LT)",IATA
R7,OCA,,LEGACY
R8,RRJ,,LEGACY
RA,RNA,,LEGACY
RB,SYR,"Syrianair",IATA
RC,FLI,"Atlantic Airways",IATA
RD,RYN,,LEGACY
RE,GJM,"Airhub Airlines",IATA
RF,FWL,,LEGACY
RG,VRN,,LEGACY
RH,HKC,"Hong Kong Air Cargo",IATA
RI,MDL,,LEGACY
RJ,RJA,"Royal Jordanian",IATA
RK,RKA,,LEGACY
RL,RFJ,,LEGACY
RM,RNY,,LEGACY
RN,RAB,,LEGACY
RO,ROT,"TAROM",IATA
RP,CHQ,,LEGACY
RQ,KMF,"Kam Air",IATA
RR,RXR,,LEGACY
RS,SKV,,LEGACY
RU,ABW,,LEGACY
RV,CPN,,LEGACY
RW,RPA,,LEGACY
RX,RXI,"Riyadh Air",IATA
RY,RAY,,LEGACY
S0,SAL,,LEGACY
S2,RSH,,LEGACY
S3,BBR,,LEGACY
S4,RZO,"Azores Airlines",IATA
S5,TCF,,LEGACY
S7,SBI,"S7 Airlines",IATA
S8,SBD,,LEGACY
SA,SAA,"South African Airways",IATA
SB,ACI,"Aircalin",IATA
SC,CDG,"Shandong Airlines",IATA
SD,SUD,,LEGACY
SE,SEU,,LEGACY
SF,DTH,"Domestic Airlines",IATA
SG,SEJ,"SpiceJet",IATA
SH,SHA,,LEGACY
SI,SIH,,LEGACY
SJ,SJY,,LEGACY
SK,SAS,"SAS",IATA
SL,TLM,"Thai Lion Air",IATA
SM,MSC,"Air Cairo",IATA
SN,BEL,"Brussels Airlines",IATA
SO,SLC,,LEGACY
SP,SAT,"SATA Air Acores",IATA
SQ,SIA,"Singapore Airlines",IATA
SR,SWR,,LEGACY
SS,CRL,"Corsair International",IATA
ST,GMI,,LEGACY
SU,AFL,"Aeroflot",IATA
SV,SVA,"Saudi Arabian Airlines",IATA
SW,NMB,,LEGACY
SY,SCX,"Sun Country Airlines",IATA
SZ,SMR,"Somon Air",IATA
T2,TCG,,LEGACY
T3,EZE,,LEGACY
T4,HEJ,,LEGACY
T5,TUA,,LEGACY
T7,TJT,,LEGACY
TA,TAI,"TACA",IATA
TB,TBZ,,LEGACY
TC,ATC,"Air Tanzania",IATA
TD,LUR,,LEGACY
TE,LIL,,LEGACY
TF,BRX,"Braathens Regional Airways",IATA
TG,THA,"Thai Airways International",IATA
TH,THS,,LEGACY
TI,TWI,"Tailwind Airlines",IATA
TJ,TJA,,LEGACY
TK,THY,"Turkish Airlines",IATA
TL,ANO,,LEGACY
TM,LAM,"LAM",IATA
TN,THT,"Air Tahiti Nui",IATA
TO,TVF,,LEGACY
TP,TAP,"TAP Air Portugal",IATA
TQ,TXW,,LEGACY
TR,TGW,"Scoot",IATA
TS,TSC,"Air Transat",IATA
TT,KLA,,LEGACY
TU,TAR,"Tunisair",IATA
TV,TBA,"Xizang Airlines",IATA
TW,TWB,"Trinity Airways",IATA
TX,FWI,"Air Caraibes",IATA
TY,TPC,"Air Caledonie",IATA
TZ,SCO,,LEGACY
U1,ABI,,LEGACY
U2,EZY,,LEGACY
U3,AIA,,LEGACY
U4,PMT,,LEGACY
U5,GWY,,LEGACY
U6,SVR,"Ural Airlines",IATA
U8,CYF,"TUS Airways",IATA
U9,TAK,,LEGACY
UA,UAL,"United Airlines",IATA
UB,UBA,"Myanmar National Airlines",IATA
UC,LCO,"LATAM Cargo Chile",IATA
UD,HER,,LEGACY
UE,NAS,,LEGACY
UF,PER,"PAS",IATA
UG,TUI,,LEGACY
UI,ECA,,LEGACY
UJ,LMU,"AlMasria Universal Airlines",IATA
UK,VTI,,LEGACY
UL,ALK,"SriLankan Airlines",IATA
UM,AZW,,LEGACY
UN,NUA,"United Nigeria Airlines",IATA
UO,HKE,"Hong Kong Express Airways",IATA
UP,BHS,"Bahamasair",IATA
UQ,CUH,"Urumqi Air",IATA
US,USA,,LEGACY
UT,UTA,"UTair",IATA
UU,REU,"Air Austral",IATA
UX,AEA,"Air Europa",IATA
UZ,BRQ,,LEGACY
V0,VCV,,LEGACY
V1,VIA,,LEGACY
V2,RBY,,LEGACY
V3,KRP,"Carpatair",IATA
V5,VLI,,LEGACY
V7,VOE,"Volotea",IATA
V8,VAS,,LEGACY
V9,HCW,,LEGACY
VA,VAU,"Virgin Australia",IATA
VE,EFY,"Clic Air",IATA
VF,TKJ,"AJet",IATA
VG,VLM,,LEGACY
VH,VNP,,LEGACY
VI,VDA,,LEGACY
VJ,VJC,"Vietjet",IATA
VK,VGN,,LEGACY
VL,LHX,"Lufthansa City Airlines",IATA
VN,HVN,"Vietnam Airlines",IATA
VO,TYR,,LEGACY
VP,VSP,,LEGACY
VQ,VKH,,LEGACY
VR,TCV,,LEGACY
VS,VIR,"Virgin Atlantic",IATA
VT,VTA,"Air Tahiti",IATA
VU,VUN,,LEGACY
VV,AEW,,LEGACY
VW,TAO,,LEGACY
VX,VRD,,LEGACY
VY,VLG,"Vueling",IATA
VZ,MYT,,LEGACY
W2,FXT,"FlexFlight",IATA
W3,ARA,,LEGACY
W4,BES,,LEGACY
W5,IRM,,LEGACY
W6,WZZ,,LEGACY
W8,CJT,"Cargojet Airways",IATA
W9,JAB,,LEGACY
WA,KLC,,LEGACY
WB,RWD,"RwandAir",IATA
WC,ISV,,LEGACY
WD,AAN,,LEGACY
WF,WIF,"Wideroe",IATA
WI,WHT,"White coloured by you",IATA
WJ,JES,"JetSMART Argentina",IATA
WK,EDW,"Edelweiss Air",IATA
WN,SWA,"Southwest Airlines",IATA
WO,WOA,,LEGACY
WP,MKU,,LEGACY
WQ,PQW,,LEGACY
WR,WEN,,LEGACY
WS,WJA,"WestJet",IATA
WT,SWT,"Swiftair",IATA
WU,WAU,,LEGACY
WV,FLN,"Fly Namibia",IATA
WW,BMI,,LEGACY
WX,BCY,"CityJet",IATA
WY,OMA,"Oman Air",IATA
WZ,RWZ,,LEGACY
X3,TUI,"TUIfly",IATA
X5,OTJ,,LEGACY
X7,CHG,"Challenge Airlines (BE)",IATA
X9,NVD,"Avion Express",IATA
XA,XAU,,LEGACY
XB,NXB,,LEGACY
XC,CAI,"Corendon Airlines",IATA
XE,BTA,,LEGACY
XF,VLK,,LEGACY
XG,CLI,,LEGACY
XJ,MES,,LEGACY
XK,CCM,"Air Corsica",IATA
XL,LNE,"LATAM Airlines Ecuador",IATA
XM,SMX,,LEGACY
XO,LTE,,LEGACY
XP,XPT,,LEGACY
XQ,SXS,"SunExpress",IATA
XT,AXL,,LEGACY
XW,SXR,,LEGACY
XX,GFY,,LEGACY
XY,KNE,"Flynas",IATA
XZ,AEZ,"Aeroitalia",IATA
Y4,VOI,"Volaris",IATA
Y5,AWA,,LEGACY
Y7,TYA,"NordStar",IATA
Y8,YZR,"Suparna Airlines",IATA
Y9,IRK,,LEGACY
YC,YCC,,LEGACY
YE,YEL,,LEGACY
YG,HYT,"YTO Cargo Airlines",IATA
YL,LLM,,LEGACY
YM,MGX,,LEGACY
YO,TYS,,LEGACY
YP,APZ,"Air Premia",IATA
YS,RAE,,LEGACY
YT,TGA,,LEGACY
YU,MMZ,"EuroAtlantic Airways",IATA
YV,ASH,,LEGACY
YW,ANE,"Air Nostrum",IATA
YX,MEP,,LEGACY
YY,VWA,,LEGACY
Z3,SMJ,,LEGACY
Z4,OOM,,LEGACY
Z5,IIR,,LEGACY
Z6,ZTT,,LEGACY
Z7,ADK,,LEGACY
Z8,AZN,,LEGACY
ZA,CYD,,LEGACY
ZB,BUB,,LEGACY
ZC,KGO,,LEGACY
ZE,ESR,"Eastar Jet",IATA
ZG,VVM,,LEGACY
ZH,CSZ,"Shenzhen Airlines",IATA
ZI,AAF,,LEGACY
ZK,GLA,,LEGACY
ZL,RXA,,LEGACY
ZM,IWA,,LEGACY
ZN,ZNA,,LEGACY
ZP,AZP,"Paranair",IATA
ZQ,GER,"German Airways",IATA
ZS,SMY,,LEGACY
ZV,AMW,,LEGACY
ZW,AWI,,LEGACY
ZX,GGN,,LEGACY
ZY,ADE,,LEGACY